feeder_id,month,injected_energy_kwh,feeder_uptime_pct,avg_temp_c
F-01,2022-01-01,104851.13,88.25,5.7
F-01,2022-02-01,124719.87,88.9,11.1
F-01,2022-03-01,151492.34,88.75,17.4
F-01,2022-04-01,177994.97,89.36,25.0
F-01,2022-05-01,196969.05,87.72,30.1
F-01,2022-06-01,202958.01,89.11,32.1
F-01,2022-07-01,197120.81,88.66,29.6
F-01,2022-08-01,179704.36000000002,89.17,25.4
F-01,2022-09-01,150127.81,88.5,17.9
F-01,2022-10-01,125151.24,88.76,10.9
F-01,2022-11-01,106298.53,89.01,5.8
F-01,2022-12-01,97625.03,87.35,4.0
F-01,2023-01-01,105129.42,86.68,5.9
F-01,2023-02-01,124220.1,88.49,10.6
F-01,2023-03-01,149649.73,89.59,18.0
F-01,2023-04-01,177938.88,88.75,24.9
F-01,2023-05-01,197765.82,89.62,30.2
F-01,2023-06-01,204943.24,88.47,32.1
F-01,2023-07-01,196841.54,90.29,30.0
F-01,2023-08-01,178513.18,87.8,25.0
F-01,2023-09-01,150951.33000000002,89.55,17.9
F-01,2023-10-01,123443.74,88.68,11.1
F-01,2023-11-01,104462.53,89.38,5.9
F-01,2023-12-01,97711.51,87.15,3.8
F-01,2024-01-01,104690.63,89.1,5.9
F-01,2024-02-01,124099.3,88.22,10.9
F-01,2024-03-01,152474.57,90.62,18.7
F-01,2024-04-01,178201.03,88.69,24.9
F-01,2024-05-01,195998.7,89.36,30.0
F-01,2024-06-01,201401.16,89.64,31.8
F-01,2024-07-01,195533.99,88.47,30.2
F-01,2024-08-01,176590.97,88.41,25.1
F-01,2024-09-01,150040.5,89.62,18.2
F-01,2024-10-01,123378.39,88.74,10.8
F-01,2024-11-01,103472.66,90.42,6.0
F-01,2024-12-01,97643.19,89.77,3.9
F-02,2022-01-01,93875.39,98.78,6.0
F-02,2022-02-01,109446.70999999999,97.98,10.8
F-02,2022-03-01,134971.49,98.14,17.9
F-02,2022-04-01,160090.36,98.94,25.2
F-02,2022-05-01,177546.44,99.48,30.4
F-02,2022-06-01,181646.82,98.88,32.2
F-02,2022-07-01,175749.09,99.27,29.6
F-02,2022-08-01,156416.54,99.91,25.3
F-02,2022-09-01,135752.03,99.23,18.4
F-02,2022-10-01,111802.19,97.31,10.9
F-02,2022-11-01,94191.98,98.13,5.6
F-02,2022-12-01,88012.53,99.28,4.0
F-02,2023-01-01,94166.65,97.85,5.5
F-02,2023-02-01,111039.78,98.28,10.8
F-02,2023-03-01,135614.52000000002,98.48,17.3
F-02,2023-04-01,159114.2,98.83,25.0
F-02,2023-05-01,176129.97,98.1,30.0
F-02,2023-06-01,183716.23,98.84,32.0
F-02,2023-07-01,176612.78,99.95,29.9
F-02,2023-08-01,159442.04,98.65,25.1
F-02,2023-09-01,134444.07,98.62,17.8
F-02,2023-10-01,111693.78,98.02,11.5
F-02,2023-11-01,93213.96,98.86,6.2
F-02,2023-12-01,87928.07,99.16,3.5
F-02,2024-01-01,94511.43,99.32,6.2
F-02,2024-02-01,111837.43,98.91,11.1
F-02,2024-03-01,136442.85,98.69,17.9
F-02,2024-04-01,159568.02000000002,99.8,25.0
F-02,2024-05-01,175608.74,98.7,30.3
F-02,2024-06-01,181455.55,99.53,32.3
F-02,2024-07-01,175516.66,98.24,30.0
F-02,2024-08-01,158320.08000000002,97.82,25.0
F-02,2024-09-01,135027.15,99.1,18.1
F-02,2024-10-01,112096.66,97.98,11.2
F-02,2024-11-01,94969.87,98.45,6.1
F-02,2024-12-01,87820.86,98.54,4.2
F-03,2022-01-01,104639.55,96.71,6.0
F-03,2022-02-01,123053.06,96.17,10.4
F-03,2022-03-01,151020.78,97.34,18.0
F-03,2022-04-01,175998.32,96.44,24.9
F-03,2022-05-01,198960.99,97.68,29.2
F-03,2022-06-01,203103.47,96.8,30.9
F-03,2022-07-01,195230.52000000002,96.05,29.8
F-03,2022-08-01,178845.48,96.67,24.6
F-03,2022-09-01,150749.03,96.36,18.2
F-03,2022-10-01,124505.9,95.8,10.8
F-03,2022-11-01,105495.91,95.76,6.0
F-03,2022-12-01,97439.44,96.3,4.2
F-03,2023-01-01,106595.92,96.86,5.5
F-03,2023-02-01,124786.98999999999,96.73,10.6
F-03,2023-03-01,150029.37,95.9,17.9
F-03,2023-04-01,175823.81,97.2,24.7
F-03,2023-05-01,196277.8,96.59,30.2
F-03,2023-06-01,204412.83000000002,94.69,32.0
F-03,2023-07-01,198438.24,97.58,29.4
F-03,2023-08-01,176159.9,96.76,24.9
F-03,2023-09-01,152072.31,96.35,17.7
F-03,2023-10-01,125317.17,94.6,11.3
F-03,2023-11-01,104511.55,97.12,5.7
F-03,2023-12-01,98365.45999999999,96.65,3.7
F-03,2024-01-01,104716.82,96.44,5.5
F-03,2024-02-01,123375.93,96.78,11.1
F-03,2024-03-01,152627.79,96.35,18.2
F-03,2024-04-01,179479.33000000002,96.44,25.3
F-03,2024-05-01,197152.9,96.95,30.3
F-03,2024-06-01,202946.82,97.0,32.4
F-03,2024-07-01,196717.78,97.39,30.3
F-03,2024-08-01,178185.57,97.34,24.4
F-03,2024-09-01,151920.16,96.69,18.2
F-03,2024-10-01,124773.07,96.33,10.6
F-03,2024-11-01,105148.47,96.08,6.6
F-03,2024-12-01,97929.64,96.43,4.4
F-04,2022-01-01,108085.02,87.55,6.0
F-04,2022-02-01,130164.15,90.58,11.1
F-04,2022-03-01,155631.66,89.51,18.4
F-04,2022-04-01,182911.5,89.88,24.8
F-04,2022-05-01,207637.58,90.09,30.2
F-04,2022-06-01,211480.83,89.52,32.2
F-04,2022-07-01,205239.56,89.45,30.1
F-04,2022-08-01,183930.68,90.52,24.7
F-04,2022-09-01,157832.47,89.59,18.5
F-04,2022-10-01,129134.19,87.71,10.6
F-04,2022-11-01,109711.97,90.23,5.9
F-04,2022-12-01,101839.9,89.16,4.5
F-04,2023-01-01,109144.95,89.51,6.4
F-04,2023-02-01,128547.33,89.94,11.2
F-04,2023-03-01,155718.33000000002,89.89,17.8
F-04,2023-04-01,182977.64,88.61,24.8
F-04,2023-05-01,203851.26,91.38,29.8
F-04,2023-06-01,210586.81,90.1,33.0
F-04,2023-07-01,200537.96,91.74,30.5
F-04,2023-08-01,184578.55000000002,88.56,24.8
F-04,2023-09-01,156033.51,88.04,18.3
F-04,2023-10-01,127888.9,90.56,10.9
F-04,2023-11-01,109227.16,88.8,5.7
F-04,2023-12-01,101694.69,88.81,4.4
F-04,2024-01-01,110526.6,90.25,5.4
F-04,2024-02-01,130611.67000000001,87.89,10.2
F-04,2024-03-01,155848.71,91.14,17.5
F-04,2024-04-01,180872.2,90.37,24.3
F-04,2024-05-01,205365.28,90.35,29.4
F-04,2024-06-01,211554.6,89.15,32.0
F-04,2024-07-01,200879.57,89.8,30.3
F-04,2024-08-01,182920.61,88.42,25.0
F-04,2024-09-01,156273.35,90.34,18.4
F-04,2024-10-01,127461.33,90.02,11.2
F-04,2024-11-01,108441.73,89.28,6.5
F-04,2024-12-01,100235.57,88.34,3.9
F-05,2022-01-01,117773.25,93.26,5.7
F-05,2022-02-01,137879.19,93.57,10.9
F-05,2022-03-01,168253.54,94.33,17.8
F-05,2022-04-01,195788.72,93.35,24.6
F-05,2022-05-01,217357.43,94.29,31.0
F-05,2022-06-01,224442.16999999998,95.02,32.1
F-05,2022-07-01,217694.73,93.83,30.6
F-05,2022-08-01,194381.01,94.05,25.1
F-05,2022-09-01,167399.76,93.13,18.5
F-05,2022-10-01,137444.0,92.49,10.6
F-05,2022-11-01,114904.05,97.81,6.1
F-05,2022-12-01,108196.98999999999,92.32,4.0
F-05,2023-01-01,115937.81,93.33,5.8
F-05,2023-02-01,139267.9,93.33,11.1
F-05,2023-03-01,168513.08,94.54,17.8
F-05,2023-04-01,195934.34,93.65,24.6
F-05,2023-05-01,217387.92,94.37,30.6
F-05,2023-06-01,228935.88,93.51,32.2
F-05,2023-07-01,218537.97999999998,93.66,30.0
F-05,2023-08-01,195537.16,91.73,25.3
F-05,2023-09-01,165970.29,94.59,18.1
F-05,2023-10-01,138344.44,95.44,10.8
F-05,2023-11-01,116580.06,94.46,6.3
F-05,2023-12-01,107815.20999999999,93.6,4.4
F-05,2024-01-01,117402.84,94.31,6.8
F-05,2024-02-01,140612.01,92.84,11.2
F-05,2024-03-01,166413.54,92.2,18.0
F-05,2024-04-01,196984.96000000002,92.74,24.8
F-05,2024-05-01,216676.2,93.51,30.1
F-05,2024-06-01,226400.99,93.73,32.0
F-05,2024-07-01,217550.11,93.57,30.1
F-05,2024-08-01,197511.08000000002,93.46,24.8
F-05,2024-09-01,168222.89,95.61,17.9
F-05,2024-10-01,136667.54,93.87,10.6
F-05,2024-11-01,115438.81999999999,91.84,5.8
F-05,2024-12-01,108722.78,92.87,3.9
F-06,2022-01-01,82984.09,97.45,5.8
F-06,2022-02-01,97874.98,96.14,11.2
F-06,2022-03-01,118675.95,96.61,18.0
F-06,2022-04-01,137175.27,96.54,24.1
F-06,2022-05-01,155208.91999999998,96.34,30.1
F-06,2022-06-01,158202.31,96.55,32.2
F-06,2022-07-01,154508.0,95.88,30.2
F-06,2022-08-01,138249.14,96.69,25.2
F-06,2022-09-01,118707.22,96.15,18.1
F-06,2022-10-01,98276.95,97.05,11.0
F-06,2022-11-01,82423.04,95.79,6.0
F-06,2022-12-01,76761.26,96.53,3.9
F-06,2023-01-01,82795.45,96.33,6.6
F-06,2023-02-01,96720.22,96.24,11.2
F-06,2023-03-01,118135.12,96.95,17.6
F-06,2023-04-01,139080.6,97.02,24.8
F-06,2023-05-01,154758.99,96.06,29.9
F-06,2023-06-01,160591.16,96.06,32.6
F-06,2023-07-01,154979.91,96.83,30.6
F-06,2023-08-01,137922.58,94.53,24.7
F-06,2023-09-01,118295.44,94.23,18.0
F-06,2023-10-01,97353.75,97.16,10.5
F-06,2023-11-01,82887.83,96.5,6.2
F-06,2023-12-01,77134.89,96.05,3.2
F-06,2024-01-01,82779.24,96.1,6.0
F-06,2024-02-01,97862.08,97.38,10.4
F-06,2024-03-01,118039.22,96.18,17.9
F-06,2024-04-01,139126.61,95.77,25.3
F-06,2024-05-01,153724.55,96.9,29.9
F-06,2024-06-01,158976.71,96.38,32.1
F-06,2024-07-01,154306.55,95.28,30.3
F-06,2024-08-01,140583.58,96.07,25.0
F-06,2024-09-01,117421.26,96.06,17.3
F-06,2024-10-01,97408.3,95.34,10.9
F-06,2024-11-01,83082.08,95.52,5.8
F-06,2024-12-01,76805.3,96.82,3.2
F-07,2022-01-01,107954.11,92.9,5.4
F-07,2022-02-01,131414.41,91.19,10.8
F-07,2022-03-01,154983.08,91.26,18.1
F-07,2022-04-01,183136.73,91.42,24.3
F-07,2022-05-01,203307.99,91.63,29.3
F-07,2022-06-01,211223.25,91.78,32.1
F-07,2022-07-01,205753.24,91.91,29.8
F-07,2022-08-01,184935.55,91.34,25.2
F-07,2022-09-01,158104.07,92.15,18.1
F-07,2022-10-01,127840.95,91.73,11.3
F-07,2022-11-01,108147.45999999999,92.41,6.1
F-07,2022-12-01,102407.86,90.92,3.4
F-07,2023-01-01,110289.31,90.14,6.1
F-07,2023-02-01,129802.47,94.09,10.9
F-07,2023-03-01,156695.71,92.5,17.7
F-07,2023-04-01,184963.91,93.37,25.3
F-07,2023-05-01,203989.25,91.9,30.1
F-07,2023-06-01,212449.23,93.4,32.4
F-07,2023-07-01,204835.33,93.03,30.5
F-07,2023-08-01,183586.9,93.18,24.8
F-07,2023-09-01,154711.64,91.44,17.7
F-07,2023-10-01,128353.47,91.16,11.2
F-07,2023-11-01,108751.88,92.28,6.7
F-07,2023-12-01,101716.67,90.91,3.5
F-07,2024-01-01,108843.24,92.36,6.1
F-07,2024-02-01,129281.88,89.79,11.7
F-07,2024-03-01,156848.63,90.44,17.3
F-07,2024-04-01,182873.08,92.22,24.7
F-07,2024-05-01,205894.97999999998,92.58,30.4
F-07,2024-06-01,212798.05,93.55,31.8
F-07,2024-07-01,205825.22999999998,91.88,30.0
F-07,2024-08-01,186679.2,92.34,24.4
F-07,2024-09-01,156902.87,90.52,18.6
F-07,2024-10-01,130805.09,92.71,11.1
F-07,2024-11-01,110025.65,92.65,5.8
F-07,2024-12-01,102667.67,92.38,4.3
F-08,2022-01-01,121603.87,87.72,5.5
F-08,2022-02-01,142979.18,87.3,11.0
F-08,2022-03-01,173625.91,88.89,18.5
F-08,2022-04-01,203461.02000000002,88.34,25.1
F-08,2022-05-01,226026.56,88.39,29.6
F-08,2022-06-01,233889.4,86.12,31.9
F-08,2022-07-01,226803.21,88.2,29.6
F-08,2022-08-01,204934.1,85.93,25.1
F-08,2022-09-01,174083.68,87.2,18.4
F-08,2022-10-01,143952.43,86.96,11.1
F-08,2022-11-01,120976.27,86.84,6.0
F-08,2022-12-01,112723.58,86.1,3.5
F-08,2023-01-01,120168.75,88.49,5.8
F-08,2023-02-01,141916.34,88.17,11.0
F-08,2023-03-01,173411.26,86.22,18.2
F-08,2023-04-01,205784.77,88.63,24.8
F-08,2023-05-01,224922.79,87.02,30.2
F-08,2023-06-01,235662.94,87.34,32.4
F-08,2023-07-01,226681.4,86.86,29.2
F-08,2023-08-01,203289.31,88.9,24.5
F-08,2023-09-01,173435.72999999998,87.51,18.0
F-08,2023-10-01,142907.53,89.74,11.0
F-08,2023-11-01,120057.88,87.81,5.7
F-08,2023-12-01,112328.8,85.95,4.4
F-08,2024-01-01,121607.33,89.03,5.7
F-08,2024-02-01,142787.92,86.2,11.2
F-08,2024-03-01,173307.69,86.68,18.0
F-08,2024-04-01,203578.35,88.28,25.2
F-08,2024-05-01,225297.87,87.76,30.1
F-08,2024-06-01,233811.96,87.68,32.4
F-08,2024-07-01,225689.46,87.37,30.1
F-08,2024-08-01,203190.87,87.91,24.9
F-08,2024-09-01,172661.04,88.24,17.8
F-08,2024-10-01,142155.15,88.35,10.9
F-08,2024-11-01,121012.91,87.61,6.1
F-08,2024-12-01,113754.28,87.7,3.7
F-09,2022-01-01,123903.02,98.66,6.1
F-09,2022-02-01,147960.49,99.18,12.1
F-09,2022-03-01,176214.17,98.95,18.2
F-09,2022-04-01,209165.54,98.57,24.8
F-09,2022-05-01,233812.05,97.54,29.5
F-09,2022-06-01,241137.86,98.27,31.8
F-09,2022-07-01,232084.27000000002,97.86,30.1
F-09,2022-08-01,211448.22,98.38,25.4
F-09,2022-09-01,179448.45,99.57,18.5
F-09,2022-10-01,145914.81,98.99,10.7
F-09,2022-11-01,124901.11,98.25,5.6
F-09,2022-12-01,115747.0,99.15,3.8
F-09,2023-01-01,123995.25,97.99,6.2
F-09,2023-02-01,145872.47,99.29,11.3
F-09,2023-03-01,178155.28,98.94,17.7
F-09,2023-04-01,209908.96,98.42,24.7
F-09,2023-05-01,232131.26,98.88,31.1
F-09,2023-06-01,242322.33000000002,99.15,31.6
F-09,2023-07-01,235037.03,98.13,29.9
F-09,2023-08-01,210018.66,98.41,24.8
F-09,2023-09-01,177257.24,98.03,17.6
F-09,2023-10-01,146579.57,97.76,10.4
F-09,2023-11-01,124140.27,98.1,6.2
F-09,2023-12-01,116044.31,97.34,4.6
F-09,2024-01-01,123984.13,98.46,6.4
F-09,2024-02-01,146784.29,98.94,11.9
F-09,2024-03-01,178300.74,98.96,18.2
F-09,2024-04-01,209918.32,97.88,25.2
F-09,2024-05-01,230188.09,97.89,30.0
F-09,2024-06-01,241299.42,98.79,32.6
F-09,2024-07-01,234195.4,98.66,29.5
F-09,2024-08-01,209432.24,97.93,25.4
F-09,2024-09-01,177506.02,98.36,17.6
F-09,2024-10-01,147977.88,97.97,10.9
F-09,2024-11-01,123716.23,97.87,6.1
F-09,2024-12-01,116432.89,97.21,4.2
F-10,2022-01-01,107097.38,90.56,5.6
F-10,2022-02-01,126483.94,91.16,10.5
F-10,2022-03-01,154892.24,92.48,17.5
F-10,2022-04-01,182705.6,91.72,25.1
F-10,2022-05-01,201167.29,91.65,30.0
F-10,2022-06-01,207261.18,91.28,32.0
F-10,2022-07-01,202584.02,90.05,30.8
F-10,2022-08-01,181401.55,91.28,25.3
F-10,2022-09-01,154148.36,91.34,17.6
F-10,2022-10-01,127170.73000000001,91.13,11.3
F-10,2022-11-01,107891.51,90.49,6.2
F-10,2022-12-01,100353.13,91.42,3.5
F-10,2023-01-01,107535.68,91.92,6.2
F-10,2023-02-01,125876.77,91.22,11.6
F-10,2023-03-01,153261.73,89.89,18.3
F-10,2023-04-01,177520.14,91.34,25.5
F-10,2023-05-01,202650.65,90.44,29.8
F-10,2023-06-01,209975.57,90.2,31.9
F-10,2023-07-01,201261.77,90.7,30.0
F-10,2023-08-01,179965.61000000002,91.45,24.5
F-10,2023-09-01,154531.36000000002,93.68,17.3
F-10,2023-10-01,126713.22,92.13,11.2
F-10,2023-11-01,106556.95,92.28,5.9
F-10,2023-12-01,99626.59,91.96,3.6
F-10,2024-01-01,107667.29,90.03,5.3
F-10,2024-02-01,127268.68,91.64,10.3
F-10,2024-03-01,152518.24,92.67,17.4
F-10,2024-04-01,180572.78,92.85,25.1
F-10,2024-05-01,200831.41999999998,92.17,29.6
F-10,2024-06-01,208261.48,90.05,32.2
F-10,2024-07-01,203086.16,92.43,30.1
F-10,2024-08-01,182138.03,91.63,24.4
F-10,2024-09-01,154107.3,92.65,18.4
F-10,2024-10-01,127336.99,90.89,11.1
F-10,2024-11-01,105939.91,91.81,6.1
F-10,2024-12-01,100291.97,90.9,3.5
F-11,2022-01-01,112071.41,88.51,6.9
F-11,2022-02-01,134290.6,88.64,11.8
F-11,2022-03-01,162004.6,88.92,17.8
F-11,2022-04-01,190053.41,87.96,24.9
F-11,2022-05-01,211344.47,88.74,30.4
F-11,2022-06-01,218882.96,88.35,32.2
F-11,2022-07-01,210491.15,87.46,30.2
F-11,2022-08-01,192611.67,86.68,25.1
F-11,2022-09-01,162275.03,86.71,18.0
F-11,2022-10-01,134296.25,88.21,11.2
F-11,2022-11-01,112449.0,89.6,6.1
F-11,2022-12-01,104675.14,85.89,4.0
F-11,2023-01-01,112495.58,88.36,5.6
F-11,2023-02-01,134922.95,87.71,10.7
F-11,2023-03-01,163216.24,87.74,17.8
F-11,2023-04-01,191217.11,87.78,24.3
F-11,2023-05-01,214101.97,89.28,29.3
F-11,2023-06-01,220693.49,87.34,31.6
F-11,2023-07-01,211707.71,88.85,29.3
F-11,2023-08-01,191050.41,88.39,25.0
F-11,2023-09-01,161039.81,89.04,17.8
F-11,2023-10-01,134875.42,88.73,11.4
F-11,2023-11-01,112113.68,88.58,5.9
F-11,2023-12-01,106993.66,87.73,4.1
F-11,2024-01-01,113528.38,87.77,5.4
F-11,2024-02-01,135046.63999999998,87.54,10.9
F-11,2024-03-01,160926.91,88.28,18.1
F-11,2024-04-01,189837.44,89.58,24.9
F-11,2024-05-01,210937.33000000002,88.6,30.5
F-11,2024-06-01,219945.0,89.54,31.9
F-11,2024-07-01,210364.97,88.48,29.2
F-11,2024-08-01,189027.15,88.15,24.6
F-11,2024-09-01,163042.02000000002,89.52,18.1
F-11,2024-10-01,134421.51,87.73,10.6
F-11,2024-11-01,113811.99,89.52,5.6
F-11,2024-12-01,105549.97,89.65,4.1
F-12,2022-01-01,96195.5,94.98,5.7
F-12,2022-02-01,112201.66,92.83,10.0
F-12,2022-03-01,136472.18,93.75,17.9
F-12,2022-04-01,159465.41,92.41,25.3
F-12,2022-05-01,178043.79,92.14,30.8
F-12,2022-06-01,185578.86,94.33,32.1
F-12,2022-07-01,176988.99,93.22,29.9
F-12,2022-08-01,161559.24,92.48,24.8
F-12,2022-09-01,136178.32,93.11,18.4
F-12,2022-10-01,113709.16,92.19,11.4
F-12,2022-11-01,96654.87,92.74,5.7
F-12,2022-12-01,90530.32,92.4,4.2
F-12,2023-01-01,95469.17,92.42,5.8
F-12,2023-02-01,113798.31,91.97,10.3
F-12,2023-03-01,138136.62,93.33,17.1
F-12,2023-04-01,162145.04,92.11,25.8
F-12,2023-05-01,180359.1,93.11,30.0
F-12,2023-06-01,189480.15,91.89,31.8
F-12,2023-07-01,180544.59,91.74,30.5
F-12,2023-08-01,163429.06,92.55,25.2
F-12,2023-09-01,137694.89,92.01,17.6
F-12,2023-10-01,113223.53,92.9,10.8
F-12,2023-11-01,95774.34,94.61,6.1
F-12,2023-12-01,90463.66,91.61,3.3
F-12,2024-01-01,96224.58,94.26,5.7
F-12,2024-02-01,113087.56,91.31,10.9
F-12,2024-03-01,136625.69,92.81,17.8
F-12,2024-04-01,162771.88999999998,93.62,25.0
F-12,2024-05-01,180573.32,91.33,29.7
F-12,2024-06-01,186429.59,92.48,31.6
F-12,2024-07-01,178502.04,92.43,29.9
F-12,2024-08-01,162559.87,94.58,25.7
F-12,2024-09-01,139345.27,92.54,18.0
F-12,2024-10-01,114937.04,92.29,10.2
F-12,2024-11-01,95441.17,92.31,5.6
F-12,2024-12-01,91087.67,93.91,5.1
F-13,2022-01-01,123104.91,94.64,6.3
F-13,2022-02-01,144086.18,95.76,10.6
F-13,2022-03-01,172370.67,93.86,17.9
F-13,2022-04-01,208593.69,94.4,24.7
F-13,2022-05-01,230698.07,94.97,30.0
F-13,2022-06-01,240512.9,94.05,32.5
F-13,2022-07-01,231582.43,96.5,29.8
F-13,2022-08-01,205555.18,96.64,25.1
F-13,2022-09-01,175511.4,95.17,18.1
F-13,2022-10-01,145979.47,95.11,11.2
F-13,2022-11-01,123593.41,94.49,6.7
F-13,2022-12-01,114176.44,96.09,3.8
F-13,2023-01-01,122835.89,97.1,5.3
F-13,2023-02-01,145863.0,95.45,11.4
F-13,2023-03-01,176197.5,94.46,17.9
F-13,2023-04-01,208059.79,96.47,24.5
F-13,2023-05-01,229791.12,96.45,29.8
F-13,2023-06-01,236383.25999999998,96.52,32.0
F-13,2023-07-01,230125.64,95.81,29.6
F-13,2023-08-01,207787.35,96.26,24.1
F-13,2023-09-01,178444.65,95.84,17.9
F-13,2023-10-01,143848.51,96.48,11.1
F-13,2023-11-01,121570.35,95.8,5.8
F-13,2023-12-01,114904.91,96.19,4.3
F-13,2024-01-01,123243.66,96.06,6.4
F-13,2024-02-01,144521.27,94.62,11.0
F-13,2024-03-01,176625.1,94.57,17.6
F-13,2024-04-01,206824.95,94.97,24.9
F-13,2024-05-01,229125.97,96.07,29.8
F-13,2024-06-01,236209.97,96.63,31.7
F-13,2024-07-01,229412.91,96.68,30.6
F-13,2024-08-01,206202.36000000002,94.77,24.5
F-13,2024-09-01,175465.03,95.41,17.9
F-13,2024-10-01,145319.74,96.15,11.4
F-13,2024-11-01,122610.3,95.97,5.7
F-13,2024-12-01,112287.24,96.09,3.9
F-14,2022-01-01,115831.58,90.24,5.8
F-14,2022-02-01,135131.35,88.36,10.8
F-14,2022-03-01,163852.61,89.85,17.5
F-14,2022-04-01,193068.35,88.39,25.1
F-14,2022-05-01,212480.09,91.98,30.2
F-14,2022-06-01,221617.59,88.92,32.2
F-14,2022-07-01,213626.11,88.8,30.7
F-14,2022-08-01,191566.59,87.83,25.7
F-14,2022-09-01,166397.55,90.52,18.3
F-14,2022-10-01,135043.99,88.64,11.4
F-14,2022-11-01,114430.18,86.96,5.3
F-14,2022-12-01,106673.09,89.37,3.6
F-14,2023-01-01,113671.01,89.43,6.5
F-14,2023-02-01,136042.71,89.3,11.2
F-14,2023-03-01,163851.69,88.84,17.9
F-14,2023-04-01,193033.13,88.24,25.2
F-14,2023-05-01,214696.68,88.67,30.4
F-14,2023-06-01,223291.62,89.91,31.2
F-14,2023-07-01,214612.55,88.98,29.9
F-14,2023-08-01,192049.16,88.18,25.5
F-14,2023-09-01,163502.49,89.18,18.3
F-14,2023-10-01,135585.2,89.08,11.1
F-14,2023-11-01,114909.70999999999,89.48,6.2
F-14,2023-12-01,107557.1,88.55,4.3
F-14,2024-01-01,114222.84,89.43,6.1
F-14,2024-02-01,135072.11000000002,88.98,11.0
F-14,2024-03-01,164927.95,88.29,18.2
F-14,2024-04-01,191639.45,90.66,24.8
F-14,2024-05-01,215600.29,90.06,30.0
F-14,2024-06-01,223598.84,89.9,31.9
F-14,2024-07-01,215979.31,88.53,30.2
F-14,2024-08-01,193736.32,88.47,25.4
F-14,2024-09-01,164558.77,89.88,17.0
F-14,2024-10-01,135630.52,89.67,10.4
F-14,2024-11-01,114550.89,89.9,5.3
F-14,2024-12-01,107079.43000000001,88.21,4.2
F-15,2022-01-01,113497.81,93.37,6.1
F-15,2022-02-01,133845.53,94.09,11.4
F-15,2022-03-01,162969.13999999998,93.56,18.0
F-15,2022-04-01,191639.01,93.92,24.6
F-15,2022-05-01,211902.52,95.87,30.1
F-15,2022-06-01,220833.94,93.99,31.8
F-15,2022-07-01,211136.57,93.43,29.8
F-15,2022-08-01,190339.87,93.43,24.6
F-15,2022-09-01,162741.12,94.76,17.7
F-15,2022-10-01,134676.09,94.22,11.6
F-15,2022-11-01,113100.81999999999,92.8,5.9
F-15,2022-12-01,105497.83,93.34,3.8
F-15,2023-01-01,113101.58,95.24,5.9
F-15,2023-02-01,134382.86,94.66,11.1
F-15,2023-03-01,161694.82,94.54,17.3
F-15,2023-04-01,192686.73,94.15,24.6
F-15,2023-05-01,211370.82,93.97,30.0
F-15,2023-06-01,221065.34,94.11,32.5
F-15,2023-07-01,213930.75,95.41,29.9
F-15,2023-08-01,193677.37,93.28,24.8
F-15,2023-09-01,161781.85,94.0,16.7
F-15,2023-10-01,133674.16,94.01,10.8
F-15,2023-11-01,113705.15,94.96,6.3
F-15,2023-12-01,104471.24,93.78,3.4
F-15,2024-01-01,113284.82,92.18,5.4
F-15,2024-02-01,132073.81,95.02,11.6
F-15,2024-03-01,164256.18,93.55,18.1
F-15,2024-04-01,192046.29,94.74,25.5
F-15,2024-05-01,211349.6,94.75,29.9
F-15,2024-06-01,221772.48,94.7,31.6
F-15,2024-07-01,212030.5,93.52,29.8
F-15,2024-08-01,190408.1,94.69,25.3
F-15,2024-09-01,163035.82,93.25,18.1
F-15,2024-10-01,133861.53,93.83,11.3
F-15,2024-11-01,113846.11,93.91,5.6
F-15,2024-12-01,106146.05,93.86,3.6
F-16,2022-01-01,114701.19,96.08,5.2
F-16,2022-02-01,137638.35,95.58,11.4
F-16,2022-03-01,166082.36,95.71,18.3
F-16,2022-04-01,196535.62,95.49,24.6
F-16,2022-05-01,218500.85,95.35,30.2
F-16,2022-06-01,225316.06,95.27,31.4
F-16,2022-07-01,217353.97999999998,94.25,29.7
F-16,2022-08-01,195465.9,95.48,25.3
F-16,2022-09-01,166454.88,94.89,18.2
F-16,2022-10-01,137839.11000000002,96.0,10.8
F-16,2022-11-01,115878.06,97.11,6.4
F-16,2022-12-01,109176.07,94.88,3.9
F-16,2023-01-01,116549.11,95.55,6.4
F-16,2023-02-01,138829.83,97.23,10.4
F-16,2023-03-01,166878.97,94.39,17.4
F-16,2023-04-01,196712.93,93.48,24.5
F-16,2023-05-01,216500.8,95.61,30.5
F-16,2023-06-01,223847.5,96.62,31.7
F-16,2023-07-01,216280.5,95.62,30.3
F-16,2023-08-01,193672.94,95.45,24.8
F-16,2023-09-01,164598.24,96.27,17.8
F-16,2023-10-01,138531.91,96.9,10.8
F-16,2023-11-01,116373.77,95.65,6.8
F-16,2023-12-01,107599.18000000001,95.82,4.1
F-16,2024-01-01,115793.73000000001,95.45,5.7
F-16,2024-02-01,137197.28,95.51,10.7
F-16,2024-03-01,165868.07,95.87,17.7
F-16,2024-04-01,196142.13999999998,95.55,25.2
F-16,2024-05-01,217517.95,96.53,30.7
F-16,2024-06-01,225826.39,95.54,31.4
F-16,2024-07-01,217840.65,95.34,29.7
F-16,2024-08-01,197308.69,96.89,24.8
F-16,2024-09-01,165613.0,97.21,18.0
F-16,2024-10-01,136544.49,95.03,11.1
F-16,2024-11-01,114446.14,95.17,6.4
F-16,2024-12-01,107743.62,95.26,4.1
F-17,2022-01-01,103857.73,89.69,5.5
F-17,2022-02-01,123820.62000000001,90.7,11.1
F-17,2022-03-01,149952.8,91.08,18.0
F-17,2022-04-01,175791.46,89.38,25.2
F-17,2022-05-01,193253.81,88.64,29.6
F-17,2022-06-01,202475.49,90.3,32.5
F-17,2022-07-01,195218.28,89.49,30.0
F-17,2022-08-01,175265.99,90.93,25.1
F-17,2022-09-01,148596.91,91.5,18.1
F-17,2022-10-01,122944.49,89.86,11.2
F-17,2022-11-01,104226.11,89.51,6.4
F-17,2022-12-01,95700.85,90.18,4.1
F-17,2023-01-01,102660.47,86.84,5.6
F-17,2023-02-01,122930.78,90.33,11.1
F-17,2023-03-01,149077.63999999998,89.59,17.7
F-17,2023-04-01,174532.22999999998,89.91,25.2
F-17,2023-05-01,192956.46,89.17,30.7
F-17,2023-06-01,198408.87,89.84,31.6
F-17,2023-07-01,193149.75,88.88,29.9
F-17,2023-08-01,175527.13,88.19,24.7
F-17,2023-09-01,146912.78,91.54,18.2
F-17,2023-10-01,122322.68000000001,91.64,11.2
F-17,2023-11-01,103613.65,91.43,6.0
F-17,2023-12-01,95581.22,88.51,4.5
F-17,2024-01-01,103180.66,90.38,6.4
F-17,2024-02-01,122352.54999999999,89.38,11.3
F-17,2024-03-01,147842.34,89.85,17.6
F-17,2024-04-01,173154.46,90.23,24.9
F-17,2024-05-01,197447.21,89.19,29.8
F-17,2024-06-01,201384.05,87.78,32.2
F-17,2024-07-01,195449.44,89.22,29.6
F-17,2024-08-01,174144.86,90.71,24.9
F-17,2024-09-01,148726.81,89.51,17.9
F-17,2024-10-01,122505.44,91.92,10.8
F-17,2024-11-01,103673.1,89.87,6.2
F-17,2024-12-01,96109.39,89.75,4.3
F-18,2022-01-01,98681.7,88.12,6.3
F-18,2022-02-01,118205.18000000001,88.23,9.9
F-18,2022-03-01,143403.8,89.42,18.1
F-18,2022-04-01,169459.21,88.46,24.5
F-18,2022-05-01,189512.11,89.5,30.4
F-18,2022-06-01,194119.68,87.65,32.5
F-18,2022-07-01,188310.42,90.24,29.9
F-18,2022-08-01,170330.73,89.24,26.2
F-18,2022-09-01,144363.11000000002,89.78,18.2
F-18,2022-10-01,120717.38,88.28,11.0
F-18,2022-11-01,100810.4,87.1,5.4
F-18,2022-12-01,92632.2,87.53,4.0
F-18,2023-01-01,101451.13,88.11,6.8
F-18,2023-02-01,120398.38,88.18,10.8
F-18,2023-03-01,146064.76,88.62,17.7
F-18,2023-04-01,170746.14,88.82,24.6
F-18,2023-05-01,187596.96,88.4,30.1
F-18,2023-06-01,196645.11,87.92,31.9
F-18,2023-07-01,188338.00999999998,88.98,30.1
F-18,2023-08-01,167481.71,88.12,24.8
F-18,2023-09-01,146690.25,87.49,18.1
F-18,2023-10-01,118434.9,87.9,10.6
F-18,2023-11-01,99001.73000000001,88.26,5.5
F-18,2023-12-01,94744.92,89.94,4.1
F-18,2024-01-01,101247.04,87.23,6.2
F-18,2024-02-01,119768.94,89.6,11.5
F-18,2024-03-01,145031.46,88.45,18.1
F-18,2024-04-01,170592.81,89.15,25.4
F-18,2024-05-01,189018.37,88.13,30.5
F-18,2024-06-01,196822.08000000002,88.94,31.8
F-18,2024-07-01,187018.46000000002,89.05,29.8
F-18,2024-08-01,170684.66,88.35,25.0
F-18,2024-09-01,145112.14,88.51,18.1
F-18,2024-10-01,118871.18,88.22,10.8
F-18,2024-11-01,100998.03,87.37,5.9
F-18,2024-12-01,94330.95,86.62,3.9
F-19,2022-01-01,119346.68000000001,96.64,5.3
F-19,2022-02-01,142940.69,97.28,11.2
F-19,2022-03-01,171749.91,97.84,17.6
F-19,2022-04-01,204793.22999999998,97.05,25.9
F-19,2022-05-01,226973.18,97.4,29.9
F-19,2022-06-01,233631.99,96.8,31.7
F-19,2022-07-01,224411.02000000002,97.87,29.9
F-19,2022-08-01,201176.74,97.59,24.8
F-19,2022-09-01,174866.3,96.26,18.6
F-19,2022-10-01,144682.97999999998,97.33,11.9
F-19,2022-11-01,119702.83,97.22,5.8
F-19,2022-12-01,113549.5,97.93,4.8
F-19,2023-01-01,120898.59,96.84,5.9
F-19,2023-02-01,144452.66,97.33,10.5
F-19,2023-03-01,175087.31,98.26,17.9
F-19,2023-04-01,202896.55,97.08,25.0
F-19,2023-05-01,228099.4,98.5,30.1
F-19,2023-06-01,235387.05,97.21,32.0
F-19,2023-07-01,226619.08,97.74,30.0
F-19,2023-08-01,207762.48,98.19,25.1
F-19,2023-09-01,174498.82,97.53,17.5
F-19,2023-10-01,142358.33,98.15,10.9
F-19,2023-11-01,121192.11,97.38,5.5
F-19,2023-12-01,112447.85,96.23,4.0
F-19,2024-01-01,124063.14,98.58,5.7
F-19,2024-02-01,143101.2,96.96,11.0
F-19,2024-03-01,170150.53,98.56,18.2
F-19,2024-04-01,204984.74,97.71,25.0
F-19,2024-05-01,224964.14,97.2,30.5
F-19,2024-06-01,233825.75,96.73,32.3
F-19,2024-07-01,224042.75,97.51,30.3
F-19,2024-08-01,205864.24,98.04,25.1
F-19,2024-09-01,171722.38,97.71,17.8
F-19,2024-10-01,143880.02,98.02,11.4
F-19,2024-11-01,120453.11,97.82,5.4
F-19,2024-12-01,113353.04,97.98,4.0
F-20,2022-01-01,99071.61,91.08,5.4
F-20,2022-02-01,119256.79,92.54,11.3
F-20,2022-03-01,144721.69,93.19,17.8
F-20,2022-04-01,167117.0,93.15,24.7
F-20,2022-05-01,185568.93,93.38,30.8
F-20,2022-06-01,195537.27,91.76,31.9
F-20,2022-07-01,187139.16999999998,92.41,30.2
F-20,2022-08-01,167436.69,91.26,25.2
F-20,2022-09-01,145077.32,93.2,17.6
F-20,2022-10-01,119293.75,93.21,11.3
F-20,2022-11-01,101178.72,92.32,6.1
F-20,2022-12-01,93570.75,92.95,3.5
F-20,2023-01-01,99868.3,92.5,6.3
F-20,2023-02-01,118786.20999999999,91.5,11.0
F-20,2023-03-01,143795.88999999998,92.93,18.5
F-20,2023-04-01,169668.34,91.55,25.1
F-20,2023-05-01,186733.36000000002,91.58,30.4
F-20,2023-06-01,194881.74,91.86,31.3
F-20,2023-07-01,188198.66999999998,91.83,30.1
F-20,2023-08-01,169021.01,90.16,25.0
F-20,2023-09-01,143614.27,90.95,18.4
F-20,2023-10-01,118994.39,91.92,11.3
F-20,2023-11-01,99831.56,92.45,6.3
F-20,2023-12-01,93908.72,91.92,3.8
F-20,2024-01-01,99617.05,92.71,5.6
F-20,2024-02-01,119025.01000000001,92.44,11.8
F-20,2024-03-01,144486.81,92.45,17.7
F-20,2024-04-01,168873.18,90.82,24.8
F-20,2024-05-01,187667.91,93.11,29.7
F-20,2024-06-01,194164.06,91.1,32.2
F-20,2024-07-01,186541.66,90.51,30.3
F-20,2024-08-01,169152.84,92.23,24.7
F-20,2024-09-01,144341.37,91.71,18.2
F-20,2024-10-01,118417.12,91.25,10.8
F-20,2024-11-01,101219.02,93.76,6.5
F-20,2024-12-01,92821.91,91.96,3.7
F-21,2022-01-01,105580.41,88.13,5.8
F-21,2022-02-01,124023.34,88.37,10.9
F-21,2022-03-01,152130.98,88.86,18.4
F-21,2022-04-01,177773.44,87.83,25.0
F-21,2022-05-01,196030.51,89.39,29.8
F-21,2022-06-01,203724.4,88.47,32.4
F-21,2022-07-01,197574.54,87.35,29.6
F-21,2022-08-01,179006.79,89.16,25.2
F-21,2022-09-01,151341.76,88.68,18.2
F-21,2022-10-01,124263.91,89.15,11.5
F-21,2022-11-01,104416.15,87.73,6.2
F-21,2022-12-01,97727.47,88.24,4.3
F-21,2023-01-01,104478.98,87.77,5.8
F-21,2023-02-01,124754.86,88.45,11.3
F-21,2023-03-01,151343.11000000002,88.82,17.8
F-21,2023-04-01,176686.1,89.54,24.6
F-21,2023-05-01,195957.82,88.66,30.2
F-21,2023-06-01,203458.75,87.96,32.1
F-21,2023-07-01,195999.21,89.09,30.1
F-21,2023-08-01,179091.06,88.09,24.9
F-21,2023-09-01,151700.15,87.92,17.9
F-21,2023-10-01,125484.98,87.49,11.0
F-21,2023-11-01,105798.09,88.53,6.1
F-21,2023-12-01,97502.61,87.55,4.5
F-21,2024-01-01,105093.36,88.56,6.1
F-21,2024-02-01,126476.98,88.99,10.8
F-21,2024-03-01,151118.24,88.3,17.5
F-21,2024-04-01,175193.51,87.6,25.4
F-21,2024-05-01,197263.99,87.46,30.3
F-21,2024-06-01,205018.85,88.89,32.3
F-21,2024-07-01,197056.97,90.04,29.9
F-21,2024-08-01,176514.33000000002,88.52,24.6
F-21,2024-09-01,149293.16,87.63,17.3
F-21,2024-10-01,125187.76,88.74,11.0
F-21,2024-11-01,105544.98,88.56,5.7
F-21,2024-12-01,99898.73999999999,88.41,4.4
F-22,2022-01-01,121277.6,89.0,5.8
F-22,2022-02-01,143852.68,89.05,11.0
F-22,2022-03-01,175348.57,89.78,18.4
F-22,2022-04-01,206815.74,89.82,25.0
F-22,2022-05-01,227604.46,88.62,30.2
F-22,2022-06-01,238082.75,88.43,31.7
F-22,2022-07-01,226578.75,90.32,30.0
F-22,2022-08-01,207948.03999999998,90.13,25.2
F-22,2022-09-01,173566.55,90.35,18.3
F-22,2022-10-01,144530.38,88.06,11.3
F-22,2022-11-01,121057.68,88.59,5.8
F-22,2022-12-01,114488.73,90.65,3.5
F-22,2023-01-01,121545.02,90.0,6.1
F-22,2023-02-01,143916.05,88.84,10.8
F-22,2023-03-01,175543.59,88.18,18.3
F-22,2023-04-01,206829.93,89.04,24.6
F-22,2023-05-01,225504.5,89.13,29.7
F-22,2023-06-01,237911.33000000002,89.64,31.7
F-22,2023-07-01,227041.95,90.01,29.3
F-22,2023-08-01,207169.04,89.75,24.6
F-22,2023-09-01,175257.64,88.96,18.0
F-22,2023-10-01,143124.13,88.37,11.2
F-22,2023-11-01,122395.47,88.6,6.2
F-22,2023-12-01,112911.67,88.51,3.5
F-22,2024-01-01,120864.62,89.5,6.2
F-22,2024-02-01,143790.49,87.64,11.2
F-22,2024-03-01,176752.82,88.4,18.4
F-22,2024-04-01,205624.83,90.2,24.8
F-22,2024-05-01,227844.45,89.44,29.9
F-22,2024-06-01,239751.21,90.48,31.7
F-22,2024-07-01,227532.46000000002,88.5,30.0
F-22,2024-08-01,206526.63,89.4,25.1
F-22,2024-09-01,174011.3,88.46,18.1
F-22,2024-10-01,143479.38,88.72,10.7
F-22,2024-11-01,122547.03,89.98,5.3
F-22,2024-12-01,114099.34,89.07,3.4
F-23,2022-01-01,103783.7,89.28,6.6
F-23,2022-02-01,123438.77,88.33,11.2
F-23,2022-03-01,151227.26,91.11,18.4
F-23,2022-04-01,175340.37,89.02,24.6
F-23,2022-05-01,195346.27,91.46,30.4
F-23,2022-06-01,205551.09,90.77,32.1
F-23,2022-07-01,196364.3,90.23,30.1
F-23,2022-08-01,177387.59,91.15,25.4
F-23,2022-09-01,150817.33,88.68,18.2
F-23,2022-10-01,124106.5,90.81,11.2
F-23,2022-11-01,105054.84,89.94,6.0
F-23,2022-12-01,97980.23,92.12,4.0
F-23,2023-01-01,106343.83,90.37,5.8
F-23,2023-02-01,125259.02,90.37,11.1
F-23,2023-03-01,152102.91,89.25,17.6
F-23,2023-04-01,178384.15,92.11,25.0
F-23,2023-05-01,198131.04,91.56,30.6
F-23,2023-06-01,204971.41,92.02,31.9
F-23,2023-07-01,196331.84,90.92,30.4
F-23,2023-08-01,177669.79,91.34,24.8
F-23,2023-09-01,150124.92,88.55,17.1
F-23,2023-10-01,124542.09,91.47,11.3
F-23,2023-11-01,104439.05,91.19,5.8
F-23,2023-12-01,97732.84,90.27,4.1
F-23,2024-01-01,104094.51,88.44,4.9
F-23,2024-02-01,124225.58,89.78,10.7
F-23,2024-03-01,150498.64,90.45,17.6
F-23,2024-04-01,178913.11,89.86,25.0
F-23,2024-05-01,195733.11,91.72,30.8
F-23,2024-06-01,204147.02,91.25,31.8
F-23,2024-07-01,198705.6,89.88,29.4
F-23,2024-08-01,176914.89,90.2,24.4
F-23,2024-09-01,150013.63,90.83,17.9
F-23,2024-10-01,125279.04000000001,89.3,11.8
F-23,2024-11-01,106296.5,91.01,6.4
F-23,2024-12-01,97698.93,91.26,4.0
F-24,2022-01-01,106473.83,88.36,5.6
F-24,2022-02-01,126967.17,90.39,11.2
F-24,2022-03-01,153579.36,87.98,17.9
F-24,2022-04-01,180974.15,88.92,24.7
F-24,2022-05-01,202407.65,87.39,30.6
F-24,2022-06-01,208873.19,87.9,31.9
F-24,2022-07-01,202465.07,88.78,30.5
F-24,2022-08-01,184919.76,89.48,25.5
F-24,2022-09-01,151654.94,89.9,18.3
F-24,2022-10-01,128082.46,90.36,11.1
F-24,2022-11-01,107491.95999999999,89.76,6.2
F-24,2022-12-01,102040.98,88.35,5.0
F-24,2023-01-01,108586.45999999999,87.71,6.2
F-24,2023-02-01,126423.57,89.11,11.4
F-24,2023-03-01,153392.33,89.23,17.8
F-24,2023-04-01,180796.24,88.04,24.7
F-24,2023-05-01,200523.51,91.3,29.6
F-24,2023-06-01,208093.8,89.98,32.1
F-24,2023-07-01,201810.35,88.26,29.9
F-24,2023-08-01,181851.85,90.16,24.3
F-24,2023-09-01,154277.85,88.56,18.2
F-24,2023-10-01,126078.45999999999,89.01,11.4
F-24,2023-11-01,109171.66,88.88,6.0
F-24,2023-12-01,100139.6,88.63,3.5
F-24,2024-01-01,108055.57,88.17,6.2
F-24,2024-02-01,126519.79000000001,88.04,11.2
F-24,2024-03-01,155408.87,91.55,17.1
F-24,2024-04-01,181940.28,88.58,24.7
F-24,2024-05-01,202398.26,88.88,30.7
F-24,2024-06-01,207508.11000000002,88.42,31.8
F-24,2024-07-01,200465.25,87.47,30.0
F-24,2024-08-01,181127.36000000002,91.09,24.8
F-24,2024-09-01,154444.01,89.45,18.6
F-24,2024-10-01,127580.47,88.83,11.0
F-24,2024-11-01,109410.48,89.86,5.9
F-24,2024-12-01,100162.88,89.77,4.1
F-25,2022-01-01,120799.41,97.15,6.5
F-25,2022-02-01,143202.32,97.69,11.4
F-25,2022-03-01,175920.81,98.1,17.9
F-25,2022-04-01,207850.52,96.5,24.6
F-25,2022-05-01,226138.91999999998,97.77,30.8
F-25,2022-06-01,234807.68,98.0,32.3
F-25,2022-07-01,227810.9,97.27,29.8
F-25,2022-08-01,205953.07,97.73,24.6
F-25,2022-09-01,176093.47999999998,98.8,17.8
F-25,2022-10-01,144377.77,96.58,11.4
F-25,2022-11-01,121796.6,97.59,6.0
F-25,2022-12-01,110683.70999999999,99.05,4.4
F-25,2023-01-01,122195.01999999999,96.39,5.6
F-25,2023-02-01,142767.64,98.39,10.7
F-25,2023-03-01,172902.1,97.04,18.3
F-25,2023-04-01,204344.43,97.65,25.4
F-25,2023-05-01,227460.02,99.03,30.0
F-25,2023-06-01,235709.44999999998,97.72,31.8
F-25,2023-07-01,228083.79,97.95,29.7
F-25,2023-08-01,206258.25,97.35,24.7
F-25,2023-09-01,174148.1,97.5,18.5
F-25,2023-10-01,144576.54,98.27,11.0
F-25,2023-11-01,122730.65,96.8,5.9
F-25,2023-12-01,113499.23999999999,98.57,4.2
F-25,2024-01-01,122366.44,97.8,6.1
F-25,2024-02-01,141762.86,98.19,10.6
F-25,2024-03-01,174403.61,97.94,17.6
F-25,2024-04-01,205557.72999999998,97.52,24.8
F-25,2024-05-01,229294.31,96.85,30.6
F-25,2024-06-01,234527.28,96.73,32.3
F-25,2024-07-01,228088.99,98.62,30.2
F-25,2024-08-01,208089.21,97.14,24.6
F-25,2024-09-01,175078.65,97.85,17.9
F-25,2024-10-01,144782.06,97.95,11.5
F-25,2024-11-01,121688.75,97.85,5.3
F-25,2024-12-01,112854.21,97.61,4.5
F-26,2022-01-01,120382.42,91.87,5.4
F-26,2022-02-01,144368.58,89.93,10.6
F-26,2022-03-01,174855.86,91.6,18.4
F-26,2022-04-01,204133.27000000002,92.08,25.2
F-26,2022-05-01,227670.0,90.2,30.4
F-26,2022-06-01,236586.92,92.06,32.1
F-26,2022-07-01,225231.03,90.39,30.5
F-26,2022-08-01,206038.83000000002,92.94,25.6
F-26,2022-09-01,173782.94,91.64,18.1
F-26,2022-10-01,142988.19,91.58,11.5
F-26,2022-11-01,122531.86,91.8,5.9
F-26,2022-12-01,113470.84,91.1,3.9
F-26,2023-01-01,122345.06999999999,90.93,6.3
F-26,2023-02-01,144403.88,91.05,10.8
F-26,2023-03-01,173548.54,90.82,17.8
F-26,2023-04-01,204344.49,89.95,24.9
F-26,2023-05-01,226114.86000000002,91.57,29.8
F-26,2023-06-01,238746.7,91.1,31.8
F-26,2023-07-01,230110.17,92.44,30.5
F-26,2023-08-01,205912.19,91.37,25.1
F-26,2023-09-01,175563.61,91.26,17.9
F-26,2023-10-01,144799.63999999998,90.37,11.1
F-26,2023-11-01,122146.24,91.35,6.2
F-26,2023-12-01,113493.55,92.21,4.0
F-26,2024-01-01,122311.70999999999,91.29,5.5
F-26,2024-02-01,144219.04,92.92,11.6
F-26,2024-03-01,174617.05,91.29,17.8
F-26,2024-04-01,203726.04,92.87,24.9
F-26,2024-05-01,225737.97,91.56,29.6
F-26,2024-06-01,236593.28,90.97,32.3
F-26,2024-07-01,228543.4,90.62,30.0
F-26,2024-08-01,204592.85,91.06,25.6
F-26,2024-09-01,175665.78,90.27,17.8
F-26,2024-10-01,142912.99,91.5,10.9
F-26,2024-11-01,120738.56999999999,91.08,6.0
F-26,2024-12-01,112925.87,91.85,4.1
F-27,2022-01-01,101273.93,89.35,6.2
F-27,2022-02-01,121723.76000000001,86.53,10.6
F-27,2022-03-01,145065.37,88.44,17.9
F-27,2022-04-01,173516.9,87.58,24.9
F-27,2022-05-01,190136.96000000002,88.49,30.2
F-27,2022-06-01,196987.28999999998,87.58,32.2
F-27,2022-07-01,190084.74,86.58,30.2
F-27,2022-08-01,172885.02000000002,86.69,24.9
F-27,2022-09-01,146059.97,89.71,17.8
F-27,2022-10-01,120472.52,86.84,10.7
F-27,2022-11-01,101597.73000000001,86.97,5.3
F-27,2022-12-01,95526.95999999999,88.45,3.8
F-27,2023-01-01,102097.18,87.97,6.1
F-27,2023-02-01,122794.36,86.86,11.3
F-27,2023-03-01,145256.53,88.0,17.9
F-27,2023-04-01,173933.99,88.03,24.7
F-27,2023-05-01,193609.6,87.65,30.2
F-27,2023-06-01,194989.0,88.5,31.4
F-27,2023-07-01,188573.2,87.48,30.0
F-27,2023-08-01,171891.32,86.55,24.7
F-27,2023-09-01,146712.33000000002,87.56,18.3
F-27,2023-10-01,119080.45,86.49,11.5
F-27,2023-11-01,101869.02,87.13,5.8
F-27,2023-12-01,93671.93,88.32,3.9
F-27,2024-01-01,101553.44,88.77,5.6
F-27,2024-02-01,120608.61,87.52,10.7
F-27,2024-03-01,146710.54,87.8,17.8
F-27,2024-04-01,170116.22,89.19,25.2
F-27,2024-05-01,189627.5,87.05,31.1
F-27,2024-06-01,198892.98,88.01,31.9
F-27,2024-07-01,190940.22,88.66,30.5
F-27,2024-08-01,171368.43,89.43,24.7
F-27,2024-09-01,147856.96,87.58,18.2
F-27,2024-10-01,120649.7,88.99,10.6
F-27,2024-11-01,102008.18,87.18,5.5
F-27,2024-12-01,94211.06,86.6,4.3
F-28,2022-01-01,97105.89,89.47,6.1
F-28,2022-02-01,115603.57,89.83,11.1
F-28,2022-03-01,139563.81,91.12,17.6
F-28,2022-04-01,164497.54,89.38,25.2
F-28,2022-05-01,182684.96,89.82,30.0
F-28,2022-06-01,189716.72999999998,89.0,32.1
F-28,2022-07-01,182726.22999999998,88.12,30.1
F-28,2022-08-01,163248.52,90.82,24.0
F-28,2022-09-01,140053.56,88.43,16.9
F-28,2022-10-01,116254.37,88.74,10.8
F-28,2022-11-01,97911.33,88.4,5.8
F-28,2022-12-01,91335.61,89.72,4.0
F-28,2023-01-01,97216.56,90.07,5.8
F-28,2023-02-01,115727.91,91.47,10.7
F-28,2023-03-01,140788.41999999998,89.62,18.6
F-28,2023-04-01,163686.47999999998,90.69,24.9
F-28,2023-05-01,184660.39,89.8,30.3
F-28,2023-06-01,188732.57,91.62,31.6
F-28,2023-07-01,182658.27000000002,88.92,30.2
F-28,2023-08-01,165384.16,89.93,25.3
F-28,2023-09-01,139906.75,90.37,18.3
F-28,2023-10-01,116283.83,89.84,11.0
F-28,2023-11-01,96828.79,88.8,5.6
F-28,2023-12-01,91941.51000000001,90.78,3.6
F-28,2024-01-01,96745.78,88.7,5.8
F-28,2024-02-01,116783.41,90.3,10.8
F-28,2024-03-01,140714.5,91.22,18.1
F-28,2024-04-01,164616.9,90.65,25.2
F-28,2024-05-01,183200.17,90.8,29.7
F-28,2024-06-01,189178.0,89.91,32.5
F-28,2024-07-01,182830.24,87.85,29.9
F-28,2024-08-01,162797.01,89.95,25.2
F-28,2024-09-01,140230.23,87.26,17.4
F-28,2024-10-01,115978.46,89.89,11.1
F-28,2024-11-01,98907.83,89.83,5.8
F-28,2024-12-01,91240.46,89.32,4.0
F-29,2022-01-01,95302.81999999999,95.12,5.6
F-29,2022-02-01,112420.9,97.3,11.2
F-29,2022-03-01,136992.29,95.24,17.8
F-29,2022-04-01,160456.78,96.65,25.2
F-29,2022-05-01,177225.67,96.09,30.2
F-29,2022-06-01,184200.13,94.72,32.2
F-29,2022-07-01,176324.96,96.45,30.2
F-29,2022-08-01,160507.02000000002,96.27,25.2
F-29,2022-09-01,136601.68,95.3,18.0
F-29,2022-10-01,112748.53,95.48,11.3
F-29,2022-11-01,94337.03,96.32,5.7
F-29,2022-12-01,87063.68000000001,96.62,4.1
F-29,2023-01-01,94610.24,93.99,5.4
F-29,2023-02-01,112516.3,94.91,10.4
F-29,2023-03-01,136362.08,97.25,17.7
F-29,2023-04-01,158733.03,96.78,25.2
F-29,2023-05-01,176301.65,95.4,30.7
F-29,2023-06-01,182520.04,95.01,32.0
F-29,2023-07-01,177947.28,94.49,30.8
F-29,2023-08-01,158801.17,96.73,25.2
F-29,2023-09-01,136465.85,95.72,17.8
F-29,2023-10-01,111072.25,96.16,10.8
F-29,2023-11-01,94389.06,96.97,6.2
F-29,2023-12-01,88212.59,96.22,3.9
F-29,2024-01-01,95374.3,94.98,5.7
F-29,2024-02-01,111087.58,95.97,11.1
F-29,2024-03-01,134749.76,96.38,17.3
F-29,2024-04-01,159525.29,96.47,25.4
F-29,2024-05-01,177987.97999999998,94.64,30.2
F-29,2024-06-01,183018.05,93.76,32.1
F-29,2024-07-01,176596.65,96.0,30.4
F-29,2024-08-01,159718.01,95.87,24.9
F-29,2024-09-01,136644.79,95.6,17.8
F-29,2024-10-01,111314.38,94.27,10.6
F-29,2024-11-01,92338.85,96.29,6.5
F-29,2024-12-01,88149.57,94.85,4.2
F-30,2022-01-01,132124.18,87.78,5.8
F-30,2022-02-01,157907.71,88.81,11.5
F-30,2022-03-01,193757.85,89.62,18.1
F-30,2022-04-01,224413.79,89.32,25.6
F-30,2022-05-01,250843.44,87.16,29.7
F-30,2022-06-01,263560.63,87.3,31.9
F-30,2022-07-01,251806.86000000002,89.84,30.4
F-30,2022-08-01,223318.09,89.82,24.3
F-30,2022-09-01,191076.44,87.34,17.7
F-30,2022-10-01,157149.21,89.1,11.1
F-30,2022-11-01,131089.27,90.65,5.6
F-30,2022-12-01,123258.38,89.74,4.4
F-30,2023-01-01,131940.2,87.68,6.1
F-30,2023-02-01,156951.91999999998,89.83,11.0
F-30,2023-03-01,190349.78,87.71,17.9
F-30,2023-04-01,223570.66,89.25,24.4
F-30,2023-05-01,251614.99,88.84,30.4
F-30,2023-06-01,256858.65,87.12,31.8
F-30,2023-07-01,250685.21,86.63,30.0
F-30,2023-08-01,221446.36000000002,88.23,25.1
F-30,2023-09-01,188758.26,89.27,17.5
F-30,2023-10-01,156350.32,89.37,11.6
F-30,2023-11-01,130706.54000000001,88.92,6.0
F-30,2023-12-01,123745.32,89.92,3.9
F-30,2024-01-01,134575.44,88.71,5.7
F-30,2024-02-01,156985.58,89.75,11.3
F-30,2024-03-01,192414.29,88.88,18.0
F-30,2024-04-01,222825.13,88.04,24.3
F-30,2024-05-01,245629.95,88.38,30.1
F-30,2024-06-01,260296.34,89.19,32.7
F-30,2024-07-01,252255.15,88.29,30.2
F-30,2024-08-01,223719.25,88.95,24.9
F-30,2024-09-01,189953.53,88.32,17.2
F-30,2024-10-01,155510.61000000002,88.55,10.6
F-30,2024-11-01,132501.35,87.85,5.3
F-30,2024-12-01,121942.78,88.11,3.7
